<?xml version="1.0" encoding="UTF-8"?>
<!DOCTYPE boost_serialization>
<boost_serialization signature="serialization::archive" version="7">
    <cfg class_id="0" tracking_level="0" version="20">
        <version>20100713</version>
        <creator>EncFS 1.9.5</creator>
        <cipherAlg class_id="1" tracking_level="0" version="0">
            <name>ssl/aes</name>
            <major>3</major>
            <minor>0</minor>
        </cipherAlg>
        <nameAlg>
            <name>nameio/block</name>
            <major>4</major>
            <minor>0</minor>
        </nameAlg>
        <keySize>256</keySize>
        <blockSize>1024</blockSize>
        <plainData>0</plainData>
        <uniqueIV>1</uniqueIV>
        <chainedNameIV>1</chainedNameIV>
        <externalIVChaining>1</externalIVChaining>
        <blockMACBytes>8</blockMACBytes>
        <blockMACRandBytes>0</blockMACRandBytes>
        <allowHoles>1</allowHoles>
        <encodedKeySize>52</encodedKeySize>
        <encodedKeyData>
HhogpZdww0NGrefBJBAAgrq3r3JBRwenP9D4mtgopUwwUDP45ZJGl4Cl34eSydGakVRGPw==
</encodedKeyData>
        <saltLen>20</saltLen>
        <saltData>
1f2GusW+ku2V7AHpukMsu+O4ook=
</saltData>
        <kdfIterations>2001741</kdfIterations>
        <desiredKDFDuration>3000</desiredKDFDuration>
    </cfg>
</boost_serialization>
