{"stats":{"minecraft:picked_up":{"minecraft:repeater":3,"minecraft:writable_book":1,"minecraft:lever":2,"minecraft:comparator":1,"minecraft:redstone_torch":10,"minecraft:blue_banner":2,"minecraft:redstone":26},"minecraft:custom":{"minecraft:time_since_rest":102227,"minecraft:crouch_one_cm":15258,"minecraft:play_one_minute":102227,"minecraft:walk_one_cm":35651,"minecraft:sneak_time":6103,"minecraft:walk_under_water_one_cm":25512,"minecraft:drop":2,"minecraft:interact_with_lectern":3,"minecraft:jump":68,"minecraft:walk_on_water_one_cm":7913,"minecraft:leave_game":4,"minecraft:time_since_death":102227,"minecraft:fly_one_cm":193667},"minecraft:dropped":{"minecraft:redstone_torch":1,"minecraft:repeater":1},"minecraft:used":{"minecraft:redstone_torch":30,"minecraft:blue_banner":6,"minecraft:glass":11,"minecraft:lever":13,"minecraft:writable_book":5,"minecraft:repeater":93,"minecraft:redstone_lamp":78,"minecraft:potion":2,"minecraft:comparator":13,"minecraft:red_wool":12,"minecraft:tnt":65,"minecraft:white_banner":1,"minecraft:red_stained_glass":66,"minecraft:redstone":271,"minecraft:green_wool":11,"minecraft:acacia_slab":39,"minecraft:blue_wool":12,"minecraft:lectern":4,"minecraft:redstone_block":3,"minecraft:acacia_planks":34,"minecraft:obsidian":566,"minecraft:purple_banner":1}},"DataVersion":2586}